user_id,post_count,like_count_sum,reply_count_sum,repost_count_sum,quote_count
8,118,205,42,61,33
46,1,15,4,6,0
51,187,27574,1527,5784,86
86,5,303,6,26,0
94,55,8871,648,807,11
99,16,7779,248,1541,8
130,137,130846,6059,18807,46
389,266,14118,636,3106,159
391,3,5,0,0,0
407,18,110,14,28,3
505,228,2510,221,360,100
628,173,42960,3544,10922,0
683,1991,14526,1091,3352,956
780,18,236,21,14,1
2079,22,629,35,551,3
2457,1,14,2,1,0
2460,72,32347,986,6984,23
2481,783,74353,1980,17896,80
2483,287,39895,1937,4498,120
2484,28,5512,227,349,1
2487,122,10498,482,2343,51
2493,362,65241,3059,6149,161
3060,373,60362,3040,9977,230
3063,423,714,138,175,26
3160,35,74,3,5,0
3205,11,39,1,4,0
3212,25,94,8,22,5
3248,21,91,14,11,1
3364,33,638,55,141,5
4113,60,60618,1798,13022,31
4293,132,5883,261,1206,20
4304,61,1569,149,133,5
5228,9,180,18,8,1
5229,66,802,41,66,1
5348,6,28,4,1,1
5350,3,585,31,10,0
5628,38,1283,56,215,0
5666,118,1060,130,100,17
5710,430,35270,2410,3514,143
5744,62,5152,144,2457,15
6520,36,2759,170,192,28
6567,154,22573,1127,4605,72
6684,30,4107,132,998,6
6693,7,540,28,62,1
6694,8,239,8,37,6
6702,3,89,5,34,0
6724,114,9529,462,2230,33
6781,12,155,22,22,0
6826,16,2747,148,432,12
6846,61,2895,160,540,9
7016,8,439,31,25,2
7028,20,359,26,32,3
7121,212,5319,364,559,27
8142,5,48,3,0,0
8726,24,852,56,85,3
9096,1,5,0,0,0
10481,22,214,9,37,14
11978,7,96,2,23,0
12492,15,23,4,5,1
12585,3,290,6,44,1
16261,3,10,1,1,0
16412,2,38,1,0,0
16857,80,1491,137,218,19
17098,28,838,71,158,9
17228,6,471,10,116,0
18178,3,74,5,20,0
18230,21,81,8,7,4
18308,12,378,35,114,4
18330,123,15428,699,3208,70
18331,9,154,18,43,4
18333,430,6516,410,1282,127
18348,37,1795,115,398,12
18362,9,555,34,95,2
18366,57,1096,78,312,13
18385,52,707,41,207,3
18387,56,304,38,68,6
18390,297,12171,1190,1211,22
19176,1,2,0,2,0
19182,34,193,5,46,2
19189,29,398,31,45,5
19193,1,21,1,3,0
19195,4,58,4,11,0
19208,19,519,60,61,0
19211,1,8,0,1,0
19212,24,112,10,13,11
19216,16,92,4,26,2
19217,1,1,0,0,0
19222,1,12,1,0,0
19224,1,2,0,1,0
19226,11,892,66,160,2
19236,43,474,23,111,17
19238,8,166,8,46,3
19242,155,2151,210,289,51
19245,56,1766,119,237,5
19246,24,505,12,333,0
19248,35,149,9,41,5
19250,11,3193,99,538,2
19251,40,192,18,33,1
19256,454,11752,341,2749,127
20048,12,288,14,60,2
20188,77,1215,127,174,26
21010,359,2620,234,241,56
21088,74,87,1,16,9
22543,34,858,56,225,1
22693,34,1528,39,376,12
22847,125,5656,354,872,13
23223,342,1012,109,81,97
23226,1,99,9,16,0
23811,78,1091,56,225,48
24131,4,144,4,14,2
24390,21,48,5,1,1
24568,1,2,0,0,0
24882,228,8822,609,1336,86
24884,1301,12410,1481,1661,987
24887,1034,27316,1845,3382,250
24957,2395,46334,4329,3770,1415
25095,6,40,2,10,4
25597,74,3518,212,958,19
27123,148,4539,343,709,24
27967,456,7401,427,1821,25
28134,160,533,147,39,29
28245,21,79,22,5,1
29073,309,1923,256,221,34
29707,1,160,17,23,0
30092,29,210,5,32,18
30211,30,44,3,15,1
30371,16,18,3,0,3
30396,35,29,5,3,3
30420,2,28,5,10,2
30423,1,0,0,0,1
30424,1,1,0,1,0
30435,349,17322,599,3163,239
30454,72,847,92,256,26
30475,18,3360,74,821,1
30476,53,165,28,27,2
30506,284,14365,1145,3250,164
30512,2,37,1,7,0
30524,34,736,59,40,9
30601,4,10,4,0,0
30703,469,3368,203,401,111
30846,56,107,11,14,10
30853,15,85,8,21,2
31201,50,490,23,71,16
31395,91,359,40,38,33
31443,14,161,20,31,8
31501,96,640,49,149,18
31518,2,3,0,0,1
31613,5,19,0,2,0
31666,9,23,4,3,0
31673,27,303,13,30,3
31710,61,58,5,7,7
31938,4,5,1,0,0
32002,169,1179,171,95,29
32057,42,250,30,36,17
32268,37,51,7,5,10
32561,16,142,4,25,0
32677,87,131,14,8,24
32820,781,7040,701,1735,306
32829,2,5,0,0,0
32889,2,0,0,0,0
32904,16,62,5,4,3
32905,106,4082,375,740,9
33046,91,563,68,28,26
33195,4,48,3,0,0
33256,8,22,5,4,0
33296,125,550,68,169,28
33324,1,30,2,2,0
33515,5,19,0,0,0
33695,2016,14995,1368,4564,835
34059,21,41,8,4,0
34218,960,90161,6190,15898,273
34279,31,118,16,2,0
34309,27,58,3,12,3
34429,3,12,0,0,1
34508,23,63,67,20,2
34528,667,5362,504,898,371
34529,6,50,4,6,5
34586,642,4456,260,741,266
34671,445,5792,527,2171,101
35755,1,39,2,2,0
35901,40,1470,53,262,1
35919,67,1545,101,363,49
36032,26,118,12,19,1
36052,47,246,15,46,3
36107,7,16,2,3,1
36108,63,154,12,46,0
36113,43,1232,78,283,1
36121,1,18,4,3,0
36141,1,5,0,0,0
36143,7,7,0,0,1
36144,8,88,5,29,0
36146,692,23068,2167,5724,256
36152,46,904,90,173,10
36399,3,28,1,11,0
37143,5,43,5,14,0
37704,23,85,0,123,0
37717,3482,56878,3085,10740,1268
37769,19,283,16,93,5
37812,28,14406,218,5092,0
39095,284,498,68,55,94
39096,163,2844,269,231,22
39694,25,468,41,116,8
40464,17,27,5,1,0
41073,161,1798,138,326,13
41783,4,264,12,84,0
41800,25,359,19,77,4
41805,6,192,9,28,0
42228,17,516,44,30,1
42401,16,36,5,6,2
42534,236,7663,474,945,76
42634,1,6,0,1,1
42722,171,976,91,138,24
43013,12,217,4,243,6
44225,2,26,2,4,0
44588,19,798,28,27,0
44989,628,2409,283,230,66
45234,114,437,37,64,4
45241,82,1188,141,115,8
45505,10,43,4,10,2
45506,26,76,10,23,5
45559,23,560,21,101,4
45560,3,124,10,9,0
45676,288,35012,1215,10461,129
46008,9,241,5,81,1
46116,1,2,0,0,1
46119,41,217,10,34,4
46128,55,334,29,197,9
46184,193,3392,258,819,104
46195,30,1831,132,324,0
46200,146,1075,87,1204,125
46455,1082,15012,1324,1510,155
46509,68,1193,38,521,7
46702,21,475,30,162,3
46713,56,1537,53,523,5
46716,1,4,1,0,0
46756,334,31365,2221,4724,24
46801,7,19,1,3,0
46831,52,404,26,119,12
48023,229,446,92,114,41
49038,220,585,63,170,18
49081,59,585,29,10,1
49138,22,1146,47,256,1
49159,2,43,3,9,0
49208,6,74,10,15,0
50953,1,0,0,0,0
51039,7,68,2,4,1
53871,3,325,12,182,2
53872,34,1310,31,328,7
54754,5,51,12,19,0
55067,4,57,8,8,0
55502,22,474,23,110,10
55961,1,3,0,1,0
57426,6,525,18,113,0
58159,2,7,0,4,0
59128,45,173,36,21,0
59723,44,689,53,78,7
59803,3,16,2,1,0
59908,44,988,58,46,0
59996,2,162,10,13,0
60896,2,22,0,2,0
61595,297,8223,402,2148,106
61675,93,677,53,143,4
61731,44,202,14,97,8
63168,1,5,3,2,0
63813,51,1626,82,459,14
63822,1318,3160,471,611,515
63911,11,74,4,30,3
63996,8,27,0,7,4
64000,105,3120,187,915,32
64017,29,15,7,3,9
64044,5,22,0,4,0
64082,2,3,1,1,1
64492,238,1325,102,291,51
64509,722,30899,1690,4821,281
64830,1086,58679,4779,7399,432
64833,261,5021,269,547,10
64885,144,3754,213,924,98
64913,289,1582,207,206,41
65007,46,720,56,124,10
65020,1,20,2,11,0
65061,7,6,1,1,0
65725,23,44,14,9,8
66009,158,331,52,27,11
66218,24,551,52,168,6
66823,8,3,1,0,3
66889,357,911,146,84,16
67103,80,1487,86,381,37
67180,5,5,0,0,0
67426,42,460,39,65,11
67514,2,53,6,0,0
67541,1,3,0,0,0
67597,6,24,1,10,0
68745,11,56,4,9,5
68752,16,121,11,6,4
68932,4,32,0,6,1
69466,66,135,17,37,10
69499,28,196,28,17,2
69500,12,16,1,1,5
69544,10,117,3,48,3
69708,2,21,6,1,0
69728,1,2,1,0,0
69845,27,264,4,74,0
69886,20,38,5,1,0
69972,118,526,28,106,1
70173,3,21,0,26,1
71701,116,960,52,607,71
73071,2,17,4,0,0
73170,27,557,52,32,2
73186,2,7,1,0,0
74199,956,6970,1138,574,270
74740,17,148,7,62,1
74919,86,708,61,23,5
75400,23,25,9,4,16
75524,14,24,5,4,0
75594,9,70,10,5,0
76024,8,80,3,26,0
76989,10,182,6,75,0
77174,5,44,2,9,0
77335,39,1163,38,289,13
80719,33,752,34,154,12
81413,692,7834,477,2640,383
81556,7,54,18,2,0
81815,1,1,1,0,0
82093,6,66,7,1,0
82449,37,609,64,94,3
82798,12,73,10,14,0
83711,35,402,15,107,0
84064,5,211,8,76,0
84786,1,2,1,0,0
85763,72,7536,276,1826,16
87121,277,1526,178,201,63
88053,112,10533,535,1588,7
88411,354,2361,400,115,19
88581,290,5600,574,482,28
88616,167,2230,191,908,27
88618,11,34,3,5,6
88623,21,66,6,25,4
88639,220,1881,268,557,114
88739,1,23,1,3,0
89144,27,21,11,3,1
89531,9,7,1,1,0
89757,5,70,8,18,0
89845,119,501,86,26,2
89878,1,5,0,2,0
91264,2,154,9,4,1
91583,7,11,2,10,1
92535,14,33,13,7,0
93028,9,20,1,8,0
93051,4,3,1,0,1
94121,11,4,0,0,0
94421,68,365,25,67,15
95728,463,3509,617,340,295
96974,7,53,4,2,0
98351,58,32,11,3,18
98486,542,628,89,37,56
99194,4,1,0,0,0
99563,64,283,13,22,26
99823,8,10,1,5,0
100636,1,0,0,0,1
100655,4,3,1,0,1
100727,176,1037,72,304,83
100783,477,2106,294,273,140
100982,75,442,35,43,29
101050,10,59,7,11,1
101134,81,365,26,109,0
101298,48,1809,37,378,5
102169,55,163,21,19,5
102265,2,1,2,1,0
103036,41,247,22,37,4
104052,10,168,11,11,1
104260,63,64,14,8,12
107301,23,49,10,5,0
107445,3,4,1,0,1
107487,3,9,0,0,1
107567,8,35,2,2,1
107986,5,38,0,0,0
108012,2,34,6,3,0
108035,31,58,12,5,1
110046,3,14,0,1,0
117794,148,4406,330,639,42
117824,1,32,2,14,0
117830,1,1,1,0,0
117866,59,878,49,112,12
117910,10,98,12,14,6
118286,5,8,1,1,5
119036,20,78,2,27,3
120061,80,4377,187,662,7
120188,36,111,15,15,3
120198,8,1662,24,326,0
120213,92,729,22,163,2
121177,7,19,1,2,1
121736,227,3075,224,1352,66
122758,42,408,19,63,1
122797,3,20,0,11,0
122809,477,3638,332,628,296
122811,35,1355,94,295,3
122834,49,371,10,247,1
122929,6,43,11,1,0
123866,32,397,16,177,0
124344,14,86,1,32,0
124509,1,238,4,53,0
125460,172,828,195,48,19
126331,18,83,9,40,6
127146,1,0,0,0,0
129005,126,269,54,38,31
129024,5,35,6,5,1
129340,1,4,1,2,0
129348,6,74,1,25,0
129505,2,1,0,0,1
130873,10,150,1,28,0
130890,5,158,12,45,0
131149,2,2,0,0,0
131651,1,1,0,0,0
131799,29,43,4,0,3
132004,1,1,0,0,0
132054,2,5,1,1,1
134211,14,18,5,4,0
134220,140,6657,338,1218,38
134379,7,133,8,77,0
134703,12,56,5,17,7
134755,101,207,38,33,49
135870,1,0,0,0,0
135995,13,217,34,8,2
136912,93,1132,154,39,8
137453,24,34,2,5,1
137870,11,114,8,42,0
138266,1,5,1,0,0
138315,6,90,2,32,0
138579,252,586,109,47,68
139703,9,167,9,28,4
140337,31,734,65,82,1
140831,2,23,2,0,0
141898,33,1070,75,272,1
143701,3,20,2,0,0
144235,134,969,104,120,35
144306,13,3,0,0,0
144491,47,456,50,83,2
144720,26,673,34,198,1
144733,5,12,1,2,2
144907,16,13,5,1,3
144933,73,1056,70,176,18
145145,4,62,3,20,0
145167,3,266,5,107,1
145227,2,8,1,4,1
145288,7,30,4,6,3
146440,2,2,1,0,1
147252,60,206,24,16,7
148015,8,38,4,5,1
148925,16,384,16,117,3
149603,9,252,5,82,0
150783,4,33,0,6,0
150817,1,2,0,0,1
151364,4,134,6,27,0
151367,14,63,8,6,1
151379,97,235,55,37,18
151380,43,467,50,57,13
151389,2,4,2,0,1
151407,28,288,18,140,2
151413,70,615,42,224,7
151437,8,42,7,6,0
151460,5,13,2,0,0
151472,1,7,5,0,0
151473,18,49,4,2,1
153118,28,12,3,0,17
153302,1,0,0,0,0
153352,2,0,0,0,0
153353,26,178,34,26,4
153418,1,1,1,0,0
154717,12,37,4,2,2
154740,135,874,89,62,34
154804,14,682,34,134,1
154820,46,1666,25,616,6
154854,2,4,0,1,0
155619,8,14,1,1,0
156164,50,3171,103,488,9
156400,11,19,4,3,4
156438,1,2,0,1,0
156575,1,3,0,0,0
156642,2,2,2,0,0
158178,33,553,21,74,2
158293,10,521,12,325,3
158306,1,4,0,1,0
158310,1,6,0,0,0
158361,14,59,6,27,6
158377,2,5,0,3,0
159414,17,120,13,31,3
160170,74,585,47,64,12
161054,136,1970,78,303,34
161109,7,22,2,11,0
161277,136,2588,148,561,30
161564,276,16006,1142,5008,39
162026,4,29,2,12,3
162052,17,210,15,13,1
162119,64,309,39,56,7
162163,40,313,19,213,11
162181,2,25,1,1,0
162664,11,51,4,26,0
163377,87,2596,150,708,31
163813,1,1,0,0,0
164125,103,230,58,18,17
164465,70,1364,68,401,4
164500,3,2,1,1,0
165550,69,227,47,27,12
166111,13,209,11,55,0
166115,10,40,1,2,0
166118,62,246,24,62,8
166130,10,151,6,4,2
166147,50,307,36,45,13
166152,17,321,30,24,1
166155,17,294,21,7,0
168389,3,0,0,0,0
168956,5,173,1,81,0
169145,53,629,42,60,10
169154,7,36,5,8,2
169216,4,5,0,0,1
169223,4,6,2,3,0
169236,20,167,12,37,3
169342,60,190,35,29,1
169664,24,111,20,28,3
170772,33,362,24,91,1
172477,267,3289,347,512,60
173004,5,7,0,0,1
173129,3,8,1,0,0
175634,4,3,0,1,1
175660,14,96,9,111,4
175899,8,33,3,6,1
175908,75,204,17,3,3
176489,60,60,10,4,48
177176,9,26,6,0,1
178012,15,479,15,129,2
178128,16,88,6,18,0
178137,8,42,2,8,0
178753,1,9,0,2,1
179438,2,2,0,0,0
179456,2,6,0,2,2
179970,5,19,1,2,1
180141,4,33,0,11,1
183264,88,1202,64,698,1
184303,490,19851,997,4318,177
184325,3,15,1,0,0
184710,6,24,1,0,0
184997,5,16,0,12,0
185697,7,7,2,1,1
185791,3,32,0,1,0
185934,41,161,24,30,16
189727,4,15,2,7,0
189907,56,541,44,81,23
190011,202,1323,54,363,40
190030,39,53,9,6,0
190031,2,10,0,0,0
190032,22,36,11,19,4
190033,2,43,1,5,1
190034,56,79,9,38,23
190169,16,115,9,12,0
193729,5,44,2,5,3
193991,1,0,0,0,0
195198,482,9888,565,1657,84
195455,11,73,4,14,0
195711,4,14,5,1,0
195713,264,1188,283,127,108
198405,9,62,5,6,5
198674,7,9,2,1,1
199034,40,265,23,113,8
199159,40,303,24,75,7
199766,14,36,14,1,9
200248,17,66,3,10,4
200370,2,13,1,0,0
200724,523,3326,334,676,309
200788,13,148,18,6,2
200820,49,1052,67,271,7
200862,86,274,53,60,27
201335,35,688,23,249,3
201506,43,636,70,121,6
201520,16,89,10,35,1
201666,3,15,0,0,0
201846,1,6,1,2,0
202080,1,0,0,0,0
202169,15,16,4,3,1
202467,2,0,0,0,0
202795,5,15,0,0,0
204235,67,192,18,22,30
204380,29,169,15,12,4
204886,1,51,2,32,0
205221,7,71,4,2,0
205849,513,4092,371,728,208
205876,75,150,14,18,14
205881,143,1655,146,258,46
205896,20,110,4,44,2
205899,31,196,11,83,4
206367,1,1,0,0,1
206414,3,15,1,0,0
208394,7,98,4,5,2
210501,1,21,0,6,0
210532,5,30,7,8,1
210822,11,110,5,48,1
210932,3,24,0,3,0
211056,2,0,0,0,0
211076,93,149,13,50,21
211652,346,7294,392,514,40
211914,48,52,6,14,0
211920,31,94,13,26,1
212376,28,127,15,8,1
212533,2,12,1,0,0
212996,185,270,24,54,23
214608,2,6,2,0,0
215307,25,24,1,3,0
215440,1,3,1,0,0
215701,10,49,11,0,1
216004,1,14,2,0,0
216697,2,7,2,4,1
216751,181,782,67,65,18
218604,15,101,6,11,4
219147,1,0,0,0,0
219185,2,6,0,2,0
220010,1,1,0,0,0
220840,2,3,1,0,0
221268,55,556,34,23,8
221307,216,3708,245,508,11
222170,17,769,20,124,11
222917,5,6,2,0,0
223819,2,17,2,9,1
223831,17,26,4,2,4
224008,25,19,3,3,2
224011,1,5,0,0,0
224030,4,5,2,1,0
224088,401,872,56,256,22
224089,1005,4993,786,487,197
225504,6,22,4,9,0
225511,9,40,6,10,2
226028,4,5,0,3,0
226029,96,191,17,112,38
226030,25,79,9,6,2
226031,707,1373,156,358,256
226041,12,5,1,0,4
226042,2,17,1,5,0
226054,3,2,0,3,0
226062,823,2049,195,1639,594
226618,4,55,1,31,1
226773,21,48,13,2,2
229795,11,7,1,0,0
229901,5,43,3,3,0
230215,1,15,0,2,0
236943,6,15,1,1,0
237251,3,17,1,6,0
238972,3,3,0,1,0
240157,229,1644,191,147,56
240435,26,187,10,6,4
241362,4,65,1,40,1
243445,1,1,0,0,0
243657,2,2,1,0,0
243670,18,93,19,18,10
243965,4,2,0,1,0
244441,1,0,0,0,0
245931,112,59,7,3,6
247575,13,15,2,1,7
249901,1,0,0,0,0
250134,1,0,0,0,1
251374,28,37,5,12,18
252266,4,6,0,0,0
252347,2,8,1,0,0
252975,6,8,2,0,0
253580,9,14,1,2,0
253768,1,1,1,0,0
254835,4,18,0,3,1
257673,2,4,0,0,0
257787,2,23,14,2,0
257794,1,29,0,6,0
257801,1,2,0,0,0
260938,1,9,0,3,0
261084,3,13,0,37,1
262794,3,35,2,16,1
262799,14,88,4,33,5
263770,130,1704,83,308,61
263857,4,21,2,6,3
266105,81,53,25,6,16
266308,3,33,1,13,2
268815,3,8,0,0,0
270764,6,10,1,0,0
272018,34,66,14,9,2
273847,12,13,0,1,1
273848,7,23,2,0,0
273849,3,4,0,0,0
273873,10,16,0,0,0
274574,130,165,20,14,19
274582,6,90,1,12,0
274598,3,2,0,0,0
274625,169,2240,145,556,85
275269,11,12,1,1,1
275896,53,244,16,162,21
275900,8,19,10,0,0
275929,321,3136,296,587,191
275938,16,19,2,6,1
276154,3,6,1,3,0
276155,1,2,1,1,1
276540,71,154,13,38,35
276560,1,69,1,30,0
278050,3,8,4,0,0
279754,12,55,7,6,0
279878,1,3,0,0,0
279912,2,7,1,0,1
279934,4,20,1,12,0
281378,3,12,0,0,2
285360,1,2,0,0,1
285841,63,628,36,97,3
286049,6,8,1,2,0
288231,44,282,27,32,5
288354,88,2282,135,592,39
288414,6,11,5,0,1
291505,2,24,3,30,1
291560,92,634,61,116,19
291639,1,2,0,0,0
291642,2,0,0,0,0
292020,7,20,2,2,0
292289,4,9,0,8,0
292417,1,1,0,0,0
292671,1,0,0,0,0
293520,18,29,3,0,0
294458,2,1,0,0,0
294901,32,34,4,1,3
295249,9,21,10,0,0
295838,1,2,1,0,0
295862,11,37,3,2,1
296567,2,7,1,6,0
296718,23,38,5,2,5
296783,36,72,22,14,7
297615,34,17,4,0,0
297940,30,1271,19,390,0
297983,7,36,9,6,0
298128,24,37,13,9,9
298585,89,645,58,116,21
298587,1,1,0,0,0
298593,29,49,5,6,2
298597,24,98,10,31,11
299262,194,708,231,132,20
299341,2,4,1,1,0
299689,2,5,0,0,0
299812,45,157,38,21,13
299824,2,2,1,1,0
302657,18,35,4,3,1
302664,1,7,1,1,0
304209,3,25,1,3,0
304569,4,13,0,0,0
304586,15,27,1,3,1
304638,1,3,0,0,0
304645,38,170,3,100,10
304648,1,1,0,0,0
304742,2,4,1,0,0
304945,245,255,93,6,40
309327,9,38,4,9,1
310783,44,158,22,48,5
311725,1,5,0,8,0
311742,30,287,12,116,7
312696,36,155,34,25,11
312795,18,18,2,0,0
313922,1,1,0,0,0
314353,4,29,10,5,2
314637,24,148,23,38,7
316750,1,7,1,0,0
316857,16,47,2,13,0
317961,2,2,0,0,0
318335,48,290,38,26,2
319767,39,51,16,1,0
319783,2,12,0,1,1
319808,87,151,35,4,2
319836,26,58,4,3,1
319861,1,1,0,0,0
319904,7,64,2,7,4
319950,2,3,0,0,0
319968,11,13,1,4,1
319976,5,4,2,1,0
320273,97,222,25,13,2
320548,3,43,5,8,0
320761,8,17,3,9,0
321356,20,21,1,6,2
322521,2,2,0,0,1
325309,27,90,14,15,8
325341,2,9,4,3,0
326740,39,159,21,15,14
327087,11,40,6,4,0
327287,65,250,27,97,27
328616,1,19,1,13,0
329623,74,350,43,61,25
329762,8,22,3,11,0
329767,2,6,0,2,1
329800,1,8,1,4,0
330574,2,6,1,2,0
330612,20,16,4,4,6
331439,8,36,1,4,0
332208,3,13,0,4,1
335276,32,173,40,10,9
336307,12,7,1,1,10
336309,1444,3534,487,306,153
336311,29,16,11,0,8
336926,2,0,0,0,0
337828,14,557,24,182,9
338378,32,133,4,26,0
340954,102,356,55,57,34
341371,23,58,4,10,1
341372,4,62,2,4,0
341394,1,1,0,0,0
343918,2,4,1,0,1
345450,131,444,57,58,43
345466,2,128,9,67,0
345467,1,10,0,3,0
346299,64,122,47,5,7
347241,24,42,6,3,6
348065,1,0,0,0,0
348158,9,46,8,9,2
348693,1,2,1,0,0
351843,5,1,1,0,0
352241,1,1,0,0,0
353606,2,1,1,0,0
354122,4,0,0,0,2
354529,35,219,19,38,2
355566,89,236,8,156,14
355676,18,16,2,2,0
355832,10,48,11,5,3
356705,14,15,3,3,1
358221,14,177,8,3,0
358569,1,10,2,0,0
358578,2,2,0,0,0
358585,22,59,15,11,2
360067,21,92,3,60,2
360091,4,122,9,44,0
360122,21,101,11,36,3
360645,1,1,0,0,1
361060,250,306,49,61,28
361062,551,1031,143,165,24
361075,98,454,66,109,44
361241,23,20,4,6,4
361858,287,6109,360,1588,55
361912,6,135,8,62,0
363475,110,95,8,7,5
363731,4,3,1,1,0
365178,2,3,0,0,1
365184,33,80,17,4,1
365267,10,7,2,0,0
365286,11,11,0,2,0
366105,3,30,2,2,0
368872,2,4,0,0,0
369636,3,5,1,5,1
370781,4,15,1,2,0
372181,1,1,0,1,0
372296,4,3,1,0,0
372412,17,25,3,3,1
372714,32,31,7,2,8
374470,20,32,5,4,13
375555,1,0,0,0,0
375565,2,2,0,0,0
375606,2,6,1,0,0
376389,64,148,10,15,2
378115,5,29,3,12,0
380089,41,455,44,100,8
381158,9,32,6,4,1
381342,32,113,11,4,0
381409,78,332,57,13,37
385036,5,35,3,8,0
386475,218,200,38,38,24
386776,12,29,2,14,0
386920,2,7,0,6,0
388123,5,9,1,0,0
389014,6,15,0,9,0
389049,2,1,0,0,0
389550,3,1,0,0,0
390526,5,1,0,0,0
391696,3,4,2,1,0
392041,34,265,14,75,2
393828,88,240,28,10,35
393907,2,8,0,0,0
395235,15,90,8,31,0
396587,5,10,0,0,0
398800,1,2,0,0,0
398829,48,367,23,70,2
399109,96,330,36,54,47
399110,3,2,0,0,3
400319,8,19,2,5,5
401626,4,7,0,1,1
401628,28,39,6,0,2
401648,10,229,12,172,0
403202,40,136,43,22,8
403203,47,217,36,19,26
403904,5,10,1,0,0
407846,3,18,1,18,1
407895,2,6,1,4,0
407930,33,212,8,126,4
407935,5,42,3,14,1
407960,22,105,5,33,0
407971,5,39,3,32,0
408033,2,6,1,0,0
408874,2,0,0,0,0
409868,2,8,1,0,0
414704,53,35,53,3,9
418490,5,23,0,8,1
418601,544,3489,345,316,155
422679,45,244,56,50,10
422721,5,61,1,34,0
423143,12,20,2,0,10
428431,2,8,0,4,0
429394,1,1,0,0,0
430361,1,9,3,2,0
430427,272,755,181,126,25
430440,15,55,10,2,0
434286,4,2,2,0,1
434423,1,0,0,0,0
434442,6,30,3,3,0
434573,14,24,4,3,0
434621,6,5,1,1,1
435074,5,4,0,0,0
439196,1,0,0,0,0
443279,1,0,0,0,0
443970,7,20,1,5,0
445356,2,7,1,0,0
447873,3,6,1,0,0
448084,23,156,21,44,0
449042,18,395,13,527,13
449566,1,2,0,1,0
450495,12,60,11,9,0
452959,1,2,1,0,0
453014,3,2,0,0,0
454956,11,100,3,13,0
455155,4,4,1,0,1
455464,1,6,1,0,0
458435,53,87,15,11,17
458517,20,105,13,32,5
458525,10,52,5,9,2
459518,3,19,1,1,0
462934,7,9,1,1,1
468470,12,40,3,9,5
468958,44,209,19,89,9
471834,685,3216,365,324,565
471839,24,33,4,8,5
471841,149,100,35,23,61
471861,205,1347,186,131,63
471868,11,35,7,1,1
471874,11,22,3,9,10
471883,464,631,47,54,108
471887,37,63,11,12,24
471888,7,15,2,1,0
471889,67,102,24,29,20
471896,27,39,8,0,0
471897,418,2476,274,392,185
471902,3,5,1,0,1
471909,20,101,9,38,1
471911,1,1,0,0,0
471917,3,15,3,16,1
471919,361,581,70,76,105
471922,17,20,1,2,3
472476,38,87,9,28,23
472862,3,6,0,1,0
473925,1,1,0,0,0
474676,45,23,5,6,12
474725,1,0,0,0,0
476691,1,3,0,2,0
477837,4,11,4,0,0
480390,64,64,10,10,10
487088,5,1,1,0,0
487182,8,14,1,0,0
487200,19,18,2,5,0
487240,1,1,0,0,0
487313,3,0,0,0,0
487457,1,1,0,0,0
488489,632,8095,1095,2860,119
491413,586,1801,151,296,349
493060,650,864,306,134,210
493999,2,12,1,0,0
496896,2,27,2,0,0
498729,7,26,3,7,1
501551,88,341,36,33,12
501552,1,1,0,0,0
501582,10,4,2,0,1
501587,11,24,1,0,0
505514,1,9,0,6,1
505521,2,0,0,0,0
505901,1,13,0,4,1
505966,1,10,0,1,1
505972,5,10,3,0,2
506589,114,379,41,67,37
507093,390,3518,145,1465,94
508401,19,57,1,27,0
508413,4,15,0,2,1
509872,127,558,116,18,4
512928,4,5,0,0,0
515538,14,148,2,119,3
515720,301,790,70,164,55
519428,46,75,8,18,3
519443,20,18,4,3,8
519875,328,1029,74,274,2
519904,676,1318,109,462,234
520238,1,1,0,0,0
525870,5,12,2,1,0
527101,8,7,1,2,0
528006,1,0,0,0,0
528098,5,13,3,0,1
528110,3,0,0,0,0
528300,11,58,10,2,0
529290,7,12,1,3,0
530701,48,130,30,34,10
530751,8,12,2,1,1
530958,9,19,1,5,1
531132,4,1,1,1,2
535470,30,32,19,5,0
535473,122,252,72,40,4
537025,35,107,3,19,9
537040,2,6,1,0,0
537126,5,4,1,5,0
537137,35,219,15,33,14
537139,13,5,3,0,5
542647,85,139,9,34,44
544870,1,0,0,0,0
545791,2,3,1,0,0
545980,2,3,1,1,0
546211,1,5,2,2,1
547905,4,353,6,43,0
547920,2,4,0,0,0
549043,3,3,1,0,0
549949,9,25,0,6,1
550863,21,41,17,1,1
551321,189,506,111,180,87
553693,1,2,0,0,0
554684,1,6,0,0,0
556024,138,234,51,36,3
556596,3,1,1,1,1
558233,2,5,2,0,0
567713,1,1,0,0,0
569241,1,3,1,0,0
569242,3,3,3,0,0
569251,7,4,0,2,1
570348,3,3,0,0,0
570625,5,3,1,0,3
570950,14,38,3,5,0
576952,1,3,1,0,0
578610,4,8,0,0,2
578672,4,2,0,0,3
579437,1,2,0,0,0
579572,8,2,2,0,0
580360,3,8,1,0,0
581006,1,0,0,0,0
582851,3,1,0,0,0
583205,18,37,3,4,2
583514,34,217,16,40,1
586778,19,39,4,0,0
587368,74,160,42,31,5
587467,14,34,8,0,4
588655,3,0,0,0,0
589410,12,66,4,11,0
589999,10,23,1,0,0
591404,27,19,3,2,4
591412,3,8,0,2,0
592447,3,3,1,0,1
592448,73,223,47,30,25
592450,61,167,23,17,0
593919,2,3,0,1,0
594625,3,15,2,9,1
596045,25,90,7,22,12
596509,3,0,1,0,0
597417,8,5,3,0,1
603820,420,180,39,27,3
604815,11,73,3,36,3
616082,3,2,3,2,0
616218,1,0,1,0,0
617348,1,2,0,0,0
618582,8,9,0,1,0
620190,5,209,7,45,0
621624,4,14,0,1,0
621764,11,79,16,5,0
622179,71,85,3,9,1
622322,2,3,0,0,1
623710,1,0,0,0,0
623803,6,28,1,4,0
627344,21,148,0,66,1
627353,1,1,0,0,0
631396,1,2,0,0,0
637345,11,0,0,0,0
637973,3,3,0,0,0
638114,3,7,0,1,0
640378,16,15,11,2,5
641255,110,529,62,94,48
644794,1,1,1,0,0
645060,38,63,5,2,1
645726,14,18,5,0,0
650109,4,23,2,10,0
651073,1,0,0,0,0
656883,3,6,0,1,0
656920,2,1,0,0,0
657326,18,37,1,0,0
662085,2,1,0,0,0
668261,37,150,19,13,4
668440,8,6,1,1,1
668847,52,54,12,0,2
669055,135,78,6,12,1
669740,130,138,14,23,7
669746,57,88,12,13,22
671279,5,2,0,1,0
671564,1,0,0,0,0
671658,6,4,0,0,0
671834,1,0,0,0,0
673775,3,1,1,0,0
674061,1,0,0,0,0
674100,2,5,1,0,0
674122,4,1,0,0,0
674141,9,6,1,2,0
675132,6,30,4,7,6
675348,1,2,1,0,0
679355,10,36,8,0,3
681884,6,29,1,0,2
685710,3,6,1,3,0
688442,1,2,0,0,0
693176,1,3,0,0,0
693252,9,35,4,1,5
694740,9,90,1,53,0
698327,19,44,2,14,2
698709,48,44,4,5,0
702735,4,6,0,0,0
704048,16,185,10,28,14
705302,27,130,21,23,16
705466,2,8,0,2,0
706351,4,3,1,0,0
706352,1,0,0,0,0
707810,4,4,0,2,0
708456,4,3,0,0,0
708491,51,86,21,12,23
710367,15,3,2,0,0
710717,1,0,0,0,0
711014,96,89,10,21,11
711159,54,21,6,2,20
711912,22,90,17,7,1
713246,1,1,0,0,0
716059,17,15,0,0,0
716536,5,5,1,0,0
717044,9,0,0,0,0
717388,57,104,10,30,36
724875,2,12,0,3,1
731644,1,8,1,1,0
731793,20,7,3,0,1
734037,6,5,1,0,0
736863,20,52,6,7,6
737717,10,6,1,0,1
741782,37,55,8,14,6
744029,1,5,0,0,0
744769,19,40,1,5,0
748644,1,1,1,0,0
763041,1,1,0,0,0
764044,1,4,0,1,1
764599,123,211,21,6,15
764601,1,4,0,0,0
764603,41,17,2,1,5
764604,16,64,4,8,0
764605,52,23,7,1,9
764609,4,39,5,6,0
765039,1,1,0,0,0
768277,1,0,0,0,0
770199,41,31,5,3,2
770401,5,30,6,2,2
771063,2,3,0,0,1
771169,76,52,10,2,0
772345,1,6,1,1,0
774736,7,10,1,11,1
775064,1,3,1,0,0
780124,46,50,11,27,0
780613,50,109,10,9,14
782864,25,7,3,1,0
786964,1,1,0,0,0
787349,2,1,0,0,1
787500,1,0,0,0,0
793470,12,23,7,0,1
794618,7,13,2,4,0
795862,25,34,2,1,2
799721,1,3,0,0,0
804803,3,1,1,0,0
804805,14,22,5,1,5
804832,32,17,3,0,0
804833,2,2,1,1,0
804834,2,2,2,1,1
806523,6,4,0,0,0
811441,18,14,2,0,1
812441,1,1,0,0,0
815542,29,255,10,34,4
815578,1,3,0,0,0
816445,27,17,7,4,1
818600,1,2,0,0,0
819289,11,13,6,4,0
819309,6,18,1,3,0
819310,15,5,1,0,0
824383,32,41,5,7,12
824451,17,13,1,3,2
825042,4,6,2,0,0
833801,49,88,41,11,6
833979,8,135,5,18,0
838031,1,0,0,0,0
841534,13,17,3,10,2
845331,45,35,9,7,1
845473,13,32,3,8,0
848359,1,3,0,0,0
848914,12,47,4,19,0
850004,51,218,26,67,13
852619,3,11,0,2,0
856015,2,2,0,0,0
857551,1,6,0,0,0
865654,15,58,8,15,0
868766,4,26,1,16,0
874453,1,5,1,0,0
879522,13,22,4,3,1
882326,6,9,1,1,0
883572,69,117,34,11,17
890558,2,1,0,0,0
892358,6,12,1,7,0
895496,1,6,1,0,0
907286,11,8,3,1,0
908675,2,0,0,2,0
908762,21,76,9,11,2
913143,1,2,0,0,0
919144,6,20,2,6,1
921161,13,76,6,31,2
921892,15,4,1,0,0
924542,1,2,0,0,1
931213,1,0,0,0,0
931215,5,8,0,0,0
931230,2,1,1,0,0
931234,13,17,3,3,2
931245,8,6,2,0,0
935949,1,5,0,0,0
938880,2,0,0,0,0
939172,23,35,5,5,3
939173,3,0,0,0,1
939183,74,51,5,8,7
939184,10,21,1,23,1
941257,1,1,1,0,0
944014,82,62,7,8,0
944151,1,1,0,0,0
947917,13,9,4,1,1
955771,9,29,1,4,0
957672,4,8,0,2,0
957841,2,0,0,0,0
958876,212,160,54,46,1
959962,113,216,15,25,3
962330,50,25,3,3,1
962364,49,83,20,10,2
962474,10,5,1,0,3
962529,2,1,0,1,1
968981,1,4,1,0,0
969029,17,22,6,1,5
974940,1,10,1,6,0
975365,18,52,5,1,5
994349,7,7,1,2,0
994421,80,229,39,49,19
996134,36,334,28,85,12
998497,2,2,0,0,0
1001115,2,2,0,1,0
1002648,2,2,0,0,1
1002961,7,11,0,1,0
1005079,6,8,0,0,3
1005848,7,9,0,0,0
1007842,8,26,0,11,0
1012114,4,4,0,0,1
1019565,2,1,0,0,1
1020539,1,0,1,0,0
1026156,2,0,0,0,0
1028283,2,58,4,9,0
1029193,10,24,2,4,4
1035226,3,27,1,3,0
1036330,36,256,7,90,17
1037013,18,30,2,4,8
1038226,13,28,3,9,0
1039300,2,2,0,0,0
1042236,72,398,38,27,29
1044926,80,153,26,16,14
1046191,4,1,0,0,0
1046881,1,0,0,0,0
1050606,1,2,0,0,0
1054493,4,32,3,4,0
1056773,6,12,3,2,1
1057315,2,0,0,0,0
1057656,24,43,4,6,5
1057759,58,65,10,7,39
1057782,65,136,12,24,36
1057815,2,1,0,0,0
1060539,5,10,1,0,1
1060949,3,3,0,1,0
1067124,2,5,0,1,1
1072901,1,0,0,0,0
1072902,32,70,13,18,8
1075469,2,1,0,0,0
1083067,2,3,0,0,0
1093619,10,11,0,3,3
1096434,4,0,0,0,0
1098242,1,2,0,0,0
1105073,2,0,0,0,0
1105875,2,5,0,0,1
1106161,187,412,100,28,14
1109754,4,1,1,1,0
1114486,2,1,0,0,0
1118484,1,1,0,0,0
1122572,38,89,15,12,4
1139269,4,1,0,0,0
1139538,4,7,0,0,1
1141039,1,2,0,0,0
1146498,1,5,1,0,0
1147905,2,13,1,1,0
1148711,2,11,2,0,0
1149077,1,4,0,0,0
1150121,39,83,8,6,0
1151844,4,1,0,3,0
1161627,1,0,0,0,0
1163418,10,9,5,0,0
1165350,26,45,10,10,7
1166130,23,18,2,3,0
1167813,1,8,3,0,0
1168938,4,9,2,0,1
1169847,1,5,0,1,0
1169895,2,0,0,0,1
1176914,6,8,2,0,0
1179534,9,27,6,11,1
1180648,13,11,10,1,1
1181416,2,1,0,0,0
1192820,39,11,3,3,3
1197536,10,7,2,2,0
1197823,103,164,22,10,28
1199323,44,54,9,0,0
1200161,5,18,2,12,0
1208712,20,28,5,2,0
1209831,12,36,6,5,4
1215238,66,189,26,50,22
1219638,1,3,0,0,0
1220306,2,0,0,0,0
1229469,30,6,15,0,0
1232845,2,0,0,1,1
1234573,1,0,0,0,0
1243791,3,0,0,0,0
1244226,9,1,0,0,1
1246953,2,19,0,5,0
1248429,3,26,2,8,0
1248952,45,107,19,7,1
1250541,2,6,0,0,1
1254138,83,112,32,4,7
1271441,8,20,6,0,2
1275194,3,2,1,0,0
1280648,4,21,2,23,0
1291729,323,232,59,23,111
1298878,8,6,1,1,1
1301981,2,0,0,0,0
1312405,2,0,0,0,0
1313473,6,23,4,2,0
1315272,1,0,0,0,0
1320314,44,99,26,41,10
1320993,9,1,0,0,4
1330439,4,12,1,1,0
1336275,1,1,0,0,0
1336722,1,4,0,0,0
1338156,31,47,22,5,2
1350835,5,7,1,3,0
1351308,1,0,0,0,0
1352729,6,0,0,0,0
1354557,19,11,4,2,1
1378968,2,4,0,0,0
1385623,2,2,0,0,1
1399483,174,181,16,63,28
1404773,3,7,1,4,1
1414598,39,28,1,5,1
1419013,4,7,3,0,0
1419014,1,0,0,0,0
1419015,304,396,56,75,154
1422826,4,0,0,0,0
1424813,5,1,2,0,1
1434344,12,3,1,0,0
1439795,2,0,0,0,0
1451958,1,0,0,0,0
1453818,1,0,0,0,0
1453973,5,11,5,0,0
1470499,20,62,6,0,0
1477692,14,10,6,2,0
1479778,1,0,0,0,1
1481401,1,0,0,0,0
1482789,14,9,5,0,0
1493227,1,2,0,0,0
1497400,7,33,2,5,1
1498047,3,0,0,0,0
1498556,2,2,0,0,0
1498557,3,4,1,4,0
1504165,12,9,4,0,1
1505471,1,0,0,0,0
1513361,2,3,0,0,0
1515430,37,51,12,8,21
1520689,15,55,4,6,0
1526283,9,1,2,0,2
1531360,2,2,0,0,0
1536487,1,2,0,0,0
1537465,1,3,0,3,0
1542267,20,22,2,3,5
1543408,1,1,2,0,0
1543409,1,1,0,0,0
1548283,2,1,0,0,2
1562145,4,7,0,3,3
1563054,2,0,0,0,0
1564632,1,0,0,0,0
1570420,1,1,0,0,0
1592612,7,7,0,2,0
1600449,32,24,1,1,2
1604487,7,19,2,6,0
1611198,46,42,14,7,4
1625168,7,23,1,7,0
1625722,10,4,0,0,0
1627199,9,2,1,0,3
1631578,58,13,5,1,0
1633598,2,0,0,0,1
1634943,1,6,0,3,0
1637923,1,0,0,0,0
1646036,1,0,0,0,0
1647044,1,3,0,0,0
1666251,2,2,1,0,0
1670639,16,22,1,3,2
1672611,7,11,3,0,0
1685817,9,6,1,2,0
1686270,1,0,0,0,0
1693286,4,2,0,0,0
1693808,2,3,0,1,0
1694514,1,0,0,0,0
1696254,7,9,1,0,0
1700466,9,2,1,0,1
1706914,3,0,0,0,0
1724274,1,1,0,0,0
1730276,1,3,0,0,0
1735557,19,52,8,4,7
1744121,1,0,0,0,0
1745927,1,0,0,0,0
1763087,2,5,0,2,2
1766951,1,0,0,0,0
1771535,71,94,17,21,9
1772206,1,0,0,0,0
1776003,2,0,1,0,0
1777595,1,2,0,0,0
1779344,6,3,0,1,1
1780942,5,1,1,0,0
1785516,1,3,0,0,0
1791136,5,7,0,2,3
1801669,21,7,1,1,0
1809051,5,1,0,0,0
1809212,2,1,0,0,0
1811456,186,320,42,53,4
1831441,1,1,0,0,1
1835473,54,21,4,3,0
1839087,4,0,0,0,0
1839539,1,0,0,0,0
1884087,1,1,1,0,0
1885962,11,12,3,1,0
1890055,7,2,0,0,0
1899169,10,29,2,12,0
1901942,1,11,0,2,0
1905431,8,13,1,1,3
1907324,4,10,0,10,2
1936596,11,14,1,3,0
1940932,1,0,0,0,0
1944115,1,1,0,0,0
1947804,1,1,0,0,0
1957783,29,15,0,1,1
1959952,1,2,0,0,0
1966807,4,1,0,0,0
1984769,9,32,3,4,0
1986241,7,4,0,0,2
2008270,1,3,0,0,1
2011387,2,1,0,0,0
2016063,63,106,12,30,4
2018998,6,8,1,2,0
2019350,1,0,1,0,0
2034382,1,0,0,0,0
2060271,1,1,0,0,0
2060685,1,0,0,0,0
2075471,3,3,0,0,0
2076129,5,10,0,4,0
2077390,26,16,5,5,7
2077460,14,6,2,2,2
2077687,1,4,0,0,0
2077729,19,6,0,0,3
2077961,2,2,1,0,0
2078258,1,0,0,0,0
2079216,1,1,0,0,0
2079335,21,19,3,2,9
2079354,5,1,1,0,0
2079710,1,3,0,0,0
2079802,15,36,6,7,3
2079842,10,4,3,1,2
2079848,27,12,15,0,0
2079881,10,14,1,0,1
2083595,1,1,0,0,1
2083944,8,7,1,1,0
2084060,2,4,0,0,0
2084744,1,0,0,0,0
2084882,1,0,0,0,0
2085309,2,23,9,9,0
2085815,3,8,0,1,1
2085817,13,7,3,2,1
2085824,20,5,3,0,0
2086320,30,5,0,1,4
2087556,28,14,3,2,4
2087994,7,4,0,2,0
2088957,3,2,0,0,0
2090214,66,35,16,4,3
2090545,6,4,0,0,0
2092081,17,10,1,0,9
2093263,1,2,0,0,0
2093885,9,21,20,1,0
2095516,1,0,0,0,0
2095517,1,4,1,2,0
2095518,6,1,0,0,0
2095519,5,13,0,8,2
2095639,31,19,9,2,12
2095811,20,22,2,4,0
2095878,2,0,0,0,0
2095990,43,69,8,7,10
2095995,210,85,31,13,0
2120428,7,23,3,6,0
2184375,1,6,0,0,0
2191437,7,6,1,2,0
2206540,1,2,0,0,0
2223432,1,0,0,0,0
2242861,3,4,0,0,0
2246008,3,1,0,0,0
2255768,6,1,0,1,1
2309247,5,13,0,4,0
2353892,1,9,1,0,0
2354544,5,1,0,0,0
2357885,4,8,1,1,2
2369114,2,2,0,0,0
2385472,1,0,0,0,0
2407295,1,0,0,0,0
2417324,4,3,0,0,0
2431063,2,1,0,0,0
2473778,22,6,0,2,0
2474142,1,2,0,0,0
2497906,1,1,0,0,0
2501979,1,0,0,0,0
2522976,4,0,0,0,1
2555534,18,6,1,0,0
2564069,18,27,2,3,1
2625902,2,1,0,0,0
2634457,1,1,0,0,0
2708729,1,0,0,0,1
2798126,2,13,1,1,0
2839792,1,0,0,0,0
2843994,1,0,0,0,0
2844808,1,0,0,0,0
2878433,1,0,0,0,0
2907468,1,4,0,0,0
2946022,2,0,1,0,0
3004614,2,0,0,0,1
3014379,10,3,0,0,0
3051712,1,4,1,0,0
3184355,2,0,0,0,0
3191372,2,1,0,0,0
3334646,1,0,0,0,1
3354027,16,9,1,3,0
3368343,2,1,0,0,0
3372877,1,0,0,0,0
3397346,1,0,0,0,0
3428232,1,0,0,0,0
3530438,1,0,0,0,0
3599166,3,4,0,1,0
3661649,4,0,0,0,0
3746244,1,3,0,0,0
3967968,2,0,0,0,1
4102276,1,7,0,0,0
4212021,8,3,0,0,0
4410751,1,3,0,0,0
4410752,4,1,0,0,0
4410753,1,0,0,0,0
